"","dfsex","AICsex","dfage","AICage","dfyear","AICyear"
"1",24,179.118470744272,24,179.118470744272,24,179.118470744272
"2",28,178.413210357698,26,177.645414028137,26,173.849088293121
