"","dfsex","AICsex","dfage","AICage"
"1",24,179.118470744272,24,179.118470744272
"2",24,179.118470744272,24,179.118470744272
